Workbook
Name df_stress: 'Stress Test'!$A$21:$F$34

Sheet Pasivo
A2: Pasivo | B2: cupon zero | D2: Año | E2: Flujo
A3: Valor Final | B3: 1200000 | D3: 1 | E3: 0
A4: Plazo (años) | B4: 3 | D4: 2 | E4: 0
A5: Tasa | B5: 0.07 | D5: 3 | E5: =B3 -> 1200000
A6: Valor presente | B6: =B3/POWER(1+B5,B4) -> 979557.45
A7: Duration | B7: =B4 -> 3
A8: Duration Modificada | B8: =B7/(1+B5) -> 2.8037383

Sheet Cartera
A1: Bonos | B1: Duration Modificada | C1: Pesos | D1: Duration ponderada
A2: AL29 | B2: 1.456 | C2: 0.4 | D2: =C2*B2 -> 0.5824
A3: AE38 | B3: 4.3305 | C3: 0.6 | D3: =C3*B3 -> 2.5983
C4: Duration modificada de Cartera | D4: =SUM(D2,D3) -> 3.1807
C5: GAP | D5: =D4-Pasivo!B8 -> 0.37696168

Sheet Cartera (Solver)
A1: Bonos | B1: Duration Modificada | C1: Pesos | D1: Duration ponderada
A2: AL29 | B2: 1.456 | C2: 0.53113991 | D2: =C2*B2 -> 0.77333971
A3: AE38 | B3: 4.3305 | C3: 0.46886009 | D3: =C3*B3 -> 2.0303986
B4: Suma pesos | C4: =C2+C3 -> 1
C6: Dur Mod | D6: =SUM(D2,D3) -> 2.8037383
C7: GAP | D7: =ABS(D6-Pasivo!B8) -> 4.5607962e-12

Sheet Swap e Inumnizacion
A1: Swap
A2: Nocional | B2: 500000
A3: par rate | B3: =(1-C8)/SUM(C6:C8) -> 0.044074795
A5: Año | B5: Tasas Spot | C5: Factor de Descuento | D5: Flujo Fijo | E5: Flujo Flotante
A6: 1 | B6: 0.04273 | C6: =1/POWER(B6+1,A6) -> 0.95902103 | D6: =$B$2*'Swap e Inumnizacion'!$B$3*C6 -> 21134.328 | E6: =B2 -> 500000
A7: 2 | B7: 0.04392 | C7: =1/POWER(B7+1,A7) -> 0.91762569 | D7: =$B$2*'Swap e Inumnizacion'!$B$3*C7 -> 20222.082 | E7: -
A8: 3 | B8: 0.0441 | C8: =1/POWER(B8+1,A8) -> 0.87856463 | D8: =$B$2*('Swap e Inumnizacion'!$B$3+1)*C8 -> 458643.59 | E8: -
D9: =SUM(D6:D8) -> 500000
C10: Duration | D10: =SUMPRODUCT(Tabla2[Flujo Fijo],Tabla2[Año])/D9 -> 2.8750185 | E10: 0
C11: Duration Mod | D11: =D10/(1+B8) -> 2.7535854 | E11: 0
A14: Nocional | B14: =(+Pasivo!B8*Pasivo!B6-Cartera!D4*Pasivo!B6)/D11 -> -134099.94
A15: Duration post swap | B15: =(Cartera!D4*Pasivo!B6+'Swap e Inumnizacion'!B14*'Swap e Inumnizacion'!D11)/Pasivo!B6 -> 2.8037383
A16: Duration pasivo | B16: =Pasivo!B8 -> 2.8037383
A17: GAP | B17: =B15-B16 -> 0

Sheet Stress Test
A1: shock_bps | B1: dL | C1: dA_sin_swap | D1: dA_con_swap | E1: error_sin | F1: error_con
A2: -300 | B2: 87238.178 | C2: 93470.352 | D2: 81733.806 | E2: 6232.1735 | F2: -5504.3717
A3: -250 | B3: 71998.473 | C3: 77891.96 | D3: 68206.719 | E3: 5893.4871 | F3: -3791.754
A4: -200 | B4: 57047.666 | C4: 62313.568 | D4: 54640.314 | E4: 5265.9018 | F4: -2407.3522
A5: -150 | B5: 42378.945 | C5: 46735.176 | D5: 41035.536 | E5: 4356.2311 | F5: -1343.409
A6: -100 | B6: 27985.687 | C6: 31156.784 | D6: 27393.301 | E6: 3171.0965 | F6: -592.38604
A7: -50 | B7: 13861.458 | C7: 15578.392 | D7: 13714.501 | E7: 1716.934 | F7: -146.95686
A8: 0 | B8: 0 | C8: -2.1619362e-11 | D8: -2.1619362e-11 | E8: -2.1619362e-11 | F8: -2.1619362e-11
A9: 50 | B9: -13604.769 | C9: -15578.392 | D9: -13749.361 | E9: -1973.6231 | F9: -144.59229
A10: 100 | B10: -26958.763 | C10: -31156.784 | D10: -27532.765 | E10: -4198.0208 | F10: -574.00244
A11: 150 | B11: -40067.734 | C11: -46735.176 | D11: -41349.419 | E11: -6667.4417 | F11: -1281.6849
A12: 200 | B12: -52937.276 | C12: -62313.568 | D12: -55198.55 | E12: -9376.2916 | F12: -2261.2737
A13: 250 | B13: -65572.831 | C13: -77891.96 | D13: -69079.408 | E13: -12319.129 | F13: -3506.5772
A14: 300 | B14: -77979.691 | C14: -93470.352 | D14: -82991.263 | E14: -15490.66 | F14: -5011.572
